City_ID,City,Country,Date,Lat,Lng,Max Temp,Humidity,Cloudiness,Wind Speed
0,Palora,EC,2021-06-01 22:10:45,-1.7,-77.9333,78.78,89,66,1.28
1,Palora,EC,2021-06-01 22:10:45,-1.7,-77.9333,78.78,89,66,1.28
2,Port Elizabeth,ZA,2021-06-01 22:17:00,-33.918,25.5701,59.29,82,40,11.5
3,Albany,US,2021-06-01 22:21:50,42.6001,-73.9662,75.85,50,65,7.02
4,Rikitea,PF,2021-06-01 22:21:17,-23.1203,-134.9692,71.29,56,1,20.74
5,New Norfolk,AU,2021-06-01 22:21:51,-42.7826,147.0587,52.92,70,97,3.11
6,Castro,BR,2021-06-01 22:21:51,-24.7911,-50.0119,55.08,85,0,1.32
7,Bredasdorp,ZA,2021-06-01 22:21:52,-34.5322,20.0403,48.27,85,8,3.42
8,Faanui,PF,2021-06-01 22:21:52,-16.4833,-151.75,79.9,69,72,14.14
9,Mezhdurechensk,RU,2021-06-01 22:21:52,53.6942,88.0603,49.69,75,83,3.49
10,Puerto Ayora,EC,2021-06-01 22:21:53,-0.7393,-90.3518,80.56,85,100,4.0
11,Punta Arenas,CL,2021-06-01 22:21:53,-53.15,-70.9167,30.31,86,0,2.17
12,Mahebourg,MU,2021-06-01 22:21:53,-20.4081,57.7,74.25,94,75,5.75
13,Mirnyy,RU,2021-06-01 22:21:54,62.5353,113.9611,60.78,59,94,2.26
14,Mehamn,NO,2021-06-01 22:21:54,71.0357,27.8492,43.09,97,100,17.38
15,Lorengau,PG,2021-06-01 22:21:54,-2.0226,147.2712,78.48,83,97,3.76
16,Zeya,RU,2021-06-01 22:21:55,53.75,127.2667,57.9,61,97,2.8
17,Tautira,PF,2021-06-01 22:21:55,-17.7333,-149.15,84.22,65,46,11.56
18,San Patricio,US,2021-06-01 22:21:56,28.017,-97.5169,84.29,56,76,12.62
19,Kaitangata,NZ,2021-06-01 22:21:56,-46.2817,169.8464,52.93,73,100,6.98
20,Kruisfontein,ZA,2021-06-01 22:21:56,-34.0033,24.7314,52.88,80,33,10.27
21,Upernavik,GL,2021-06-01 22:21:56,72.7868,-56.1549,31.39,88,30,6.98
22,Qaanaaq,GL,2021-06-01 22:21:57,77.484,-69.3632,30.34,84,88,4.97
23,Suntar,RU,2021-06-01 22:21:57,62.1444,117.6319,59.58,67,99,3.33
24,Kodiak,US,2021-06-01 22:21:58,57.79,-152.4072,47.71,81,90,14.97
25,Hami,CN,2021-06-01 22:21:58,42.8,93.45,71.38,7,5,19.98
26,Kapaa,US,2021-06-01 22:21:58,22.0752,-159.319,84.52,70,1,1.99
27,Port Alfred,ZA,2021-06-01 22:21:58,-33.5906,26.891,60.04,85,84,9.37
28,Camacha,PT,2021-06-01 22:21:59,33.0833,-16.3333,65.16,72,75,8.05
29,Spassk,RU,2021-06-01 22:21:59,52.747,87.7545,50.14,86,54,3.71
30,Jamestown,US,2021-06-01 22:18:51,42.097,-79.2353,69.85,45,90,6.91
31,Rock Sound,BS,2021-06-01 22:22:00,24.9,-76.2,78.69,81,100,15.9
32,Bathsheba,BB,2021-06-01 22:22:00,13.2167,-59.5167,81.21,61,75,14.32
33,Puerto Escondido,MX,2021-06-01 22:22:00,15.85,-97.0667,88.63,62,40,9.22
34,Oktyabrskoye,RU,2021-06-01 22:22:01,43.0645,44.7417,60.94,88,3,4.32
35,Namibe,AO,2021-06-01 22:22:01,-15.1961,12.1522,69.64,85,87,1.77
36,Puerto Montt,CL,2021-06-01 22:22:01,-41.4698,-72.9447,49.03,93,75,4.03
37,Busselton,AU,2021-06-01 22:22:02,-33.65,115.3333,55.04,67,100,7.16
38,Pemangkat,ID,2021-06-01 22:22:02,1.1667,108.9667,78.55,86,100,4.41
39,Korla,CN,2021-06-01 22:22:02,41.7597,86.1469,74.08,29,95,7.23
40,Beysehir,TR,2021-06-01 22:22:03,37.6773,31.7246,50.14,84,4,2.3
41,Butaritari,KI,2021-06-01 22:22:03,3.0707,172.7902,83.12,81,98,16.89
42,Nikolskoye,RU,2021-06-01 22:22:03,59.7035,30.7861,49.89,75,23,1.36
43,Zhob,PK,2021-06-01 22:22:04,31.3411,69.4481,76.6,40,4,3.96
44,Halifax,CA,2021-06-01 22:20:40,44.6453,-63.5724,66.69,67,75,1.99
45,Cherskiy,RU,2021-06-01 22:22:04,68.75,161.3,65.19,27,9,3.31
46,Galle,LK,2021-06-01 22:17:16,6.0367,80.217,80.51,82,50,13.22
47,Sobolevo,RU,2021-06-01 22:22:05,54.4299,31.8996,44.17,75,5,7.67
48,Zimovniki,RU,2021-06-01 22:22:05,47.1483,42.4633,65.61,86,100,3.91
49,Hermanus,ZA,2021-06-01 22:22:05,-34.4187,19.2345,55.9,80,32,4.76
50,Khatanga,RU,2021-06-01 22:22:06,71.9667,102.5,36.81,99,100,3.44
51,Martinsburg,US,2021-06-01 22:22:06,39.4562,-77.9639,78.01,61,1,3.44
52,Naze,JP,2021-06-01 22:22:06,28.3667,129.4833,74.32,88,99,13.58
53,Fairbanks,US,2021-06-01 22:22:07,64.8378,-147.7164,65.01,61,75,8.05
54,Havre-Saint-Pierre,CA,2021-06-01 22:22:07,50.2334,-63.5986,52.16,76,75,14.97
55,Fare,PF,2021-06-01 22:22:07,-16.7,-151.0167,79.48,70,49,14.32
56,Lagoa,PT,2021-06-01 22:22:08,39.05,-27.9833,59.67,58,58,13.02
57,Gamba,GA,2021-06-01 22:22:08,-2.65,10.0,75.63,83,91,4.34
58,Poltavka,RU,2021-06-01 22:22:08,54.3663,71.7632,50.59,76,15,7.43
59,Bengkulu,ID,2021-06-01 22:22:09,-3.8004,102.2655,74.77,92,89,4.29
60,Koungheul,SN,2021-06-01 22:22:09,13.9833,-14.8,88.57,36,50,9.28
61,Ushuaia,AR,2021-06-01 22:17:41,-54.8,-68.3,29.86,93,90,12.66
62,Chokurdakh,RU,2021-06-01 22:22:09,70.6333,147.9167,66.61,27,60,5.99
63,Salalah,OM,2021-06-01 22:22:10,17.0151,54.0924,82.49,83,40,5.75
64,Gigmoto,PH,2021-06-01 22:22:10,13.7796,124.39,80.64,88,100,7.34
65,Ribeira Grande,PT,2021-06-01 22:22:11,38.5167,-28.7,60.4,60,54,14.5
66,Hobart,AU,2021-06-01 22:20:18,-42.8794,147.3294,53.26,70,0,4.0
67,Tiksi,RU,2021-06-01 22:22:11,71.6872,128.8694,34.59,92,98,4.38
68,Airai,TL,2021-06-01 22:22:11,-8.9266,125.4092,57.24,92,35,2.39
69,Liuzhou,CN,2021-06-01 22:22:12,24.3126,109.3892,77.05,95,100,1.86
70,Bambous Virieux,MU,2021-06-01 22:22:12,-20.3428,57.7575,74.21,94,75,15.14
71,Codrington,AU,2021-06-01 22:22:13,-38.2667,141.9667,48.33,69,87,6.02
72,Hokitika,NZ,2021-06-01 22:22:13,-42.7167,170.9667,51.46,75,100,2.55
73,Bayan,CN,2021-06-01 22:22:13,46.0833,127.4,55.04,64,88,4.59
74,Ponta Delgada,PT,2021-06-01 22:22:14,37.7333,-25.6667,59.72,58,20,9.22
75,Mount Gambier,AU,2021-06-01 22:22:14,-37.8333,140.7667,48.11,76,90,10.36
76,Fortuna,US,2021-06-01 22:22:14,40.5982,-124.1573,59.99,82,1,17.27
77,Komsomolskiy,UZ,2021-06-01 22:22:15,40.4272,71.7189,78.22,31,71,4.61
78,Arman,RU,2021-06-01 22:22:15,59.7,150.1667,36.72,99,100,5.08
79,Road Town,VG,2021-06-01 22:20:03,18.4167,-64.6167,82.49,78,20,6.91
80,Asosa,ET,2021-06-01 22:22:15,10.0667,34.5333,67.01,64,74,3.33
81,Saint-Philippe,RE,2021-06-01 22:22:16,-21.3585,55.7679,74.79,87,75,12.93
82,Saskylakh,RU,2021-06-01 22:22:16,71.9167,114.0833,37.76,86,100,14.81
83,Birecik,TR,2021-06-01 22:22:16,37.0294,37.9903,65.41,60,0,5.66
84,Vila Franca Do Campo,PT,2021-06-01 22:22:17,37.7167,-25.4333,59.41,63,8,12.5
85,Barcelos,PT,2021-06-01 22:22:17,41.5388,-8.6151,61.84,94,74,0.81
86,Parrita,CR,2021-06-01 22:22:17,9.5201,-84.3225,92.97,79,99,5.41
87,Komatipoort,ZA,2021-06-01 22:22:18,-25.4332,31.9548,58.05,94,79,7.56
88,Nhulunbuy,AU,2021-06-01 22:22:18,-12.2333,136.7667,75.81,88,75,10.36
89,Las Vegas,US,2021-06-01 22:20:57,36.175,-115.1372,105.19,7,1,3.44
90,Hilo,US,2021-06-01 22:22:19,19.7297,-155.09,82.13,72,1,10.36
91,Flinders,AU,2021-06-01 22:22:19,-34.5833,150.8552,52.25,79,63,4.38
92,Mataura,NZ,2021-06-01 22:22:19,-46.1927,168.8643,49.48,92,100,3.53
93,Provideniya,RU,2021-06-01 22:22:20,64.3833,-173.3,41.11,60,0,15.66
94,Kaifeng,CN,2021-06-01 22:22:20,34.7911,114.3483,74.26,59,73,4.23
95,Barrow,US,2021-06-01 22:21:11,71.2906,-156.7887,32.02,64,90,21.85
96,Socorro,US,2021-06-01 22:22:20,31.6546,-106.3033,91.45,21,75,6.24
97,Adrar,MR,2021-06-01 22:22:21,20.5022,-10.0711,93.45,23,84,12.64
98,Yerofey Pavlovich,RU,2021-06-01 22:22:21,53.9667,121.9667,53.65,83,71,2.84
99,Norman Wells,CA,2021-06-01 22:22:22,65.282,-126.8329,48.24,71,75,13.8
100,Sitka,US,2021-06-01 22:22:22,57.0531,-135.33,53.49,82,75,3.44
101,Chicama,PE,2021-06-01 22:22:22,-7.8447,-79.1469,63.14,75,78,8.3
102,Marly,FR,2021-06-01 22:22:23,50.3456,3.5496,66.22,68,0,8.03
103,Cape Town,ZA,2021-06-01 22:17:23,-33.9258,18.4232,56.12,85,3,1.01
104,Pandamatenga,BW,2021-06-01 22:22:23,-18.5278,25.627,57.63,44,0,3.0
105,Alihe,CN,2021-06-01 22:22:24,50.5667,123.7167,49.57,95,100,3.2
106,Ahipara,NZ,2021-06-01 22:22:24,-35.1667,173.1667,59.68,73,53,9.78
107,Bluff,NZ,2021-06-01 22:22:24,-46.6,168.3333,49.8,79,83,15.32
108,Nelson Bay,AU,2021-06-01 22:22:25,-32.7167,152.15,52.09,94,97,4.59
109,Tasiilaq,GL,2021-06-01 22:22:25,65.6145,-37.6368,37.56,73,6,5.01
110,Vaini,TO,2021-06-01 22:22:25,-21.2,-175.2,71.76,88,90,9.22
111,Avera,US,2021-06-01 22:22:26,33.194,-82.5271,85.44,29,89,3.27
112,Ancud,CL,2021-06-01 22:22:26,-41.8697,-73.8203,46.22,75,95,7.38
113,Nova Milanese,IT,2021-06-01 22:22:27,45.5904,9.1995,70.29,58,20,1.01
114,Sheridan,US,2021-06-01 22:22:27,44.8333,-106.9173,79.18,34,1,5.99
115,Tuktoyaktuk,CA,2021-06-01 22:22:28,69.4541,-133.0374,35.6,64,75,11.5
116,Portland,US,2021-06-01 22:21:03,45.5234,-122.6762,96.89,36,1,1.99
117,Scarborough,GB,2021-06-01 22:22:28,54.2797,-0.4044,55.9,89,9,4.0
118,Quatre Cocos,MU,2021-06-01 22:22:28,-20.2078,57.7625,74.08,72,74,14.85
119,East Wenatchee Bench,US,2021-06-01 22:22:29,47.4257,-120.2812,96.96,24,1,1.01
120,Eyl,SO,2021-06-01 22:22:29,7.9803,49.8164,79.57,76,95,18.63
121,Bandarbeyla,SO,2021-06-01 22:22:29,9.4942,50.8122,80.28,77,100,19.69
122,Ilulissat,GL,2021-06-01 22:22:30,69.2167,-51.1,39.22,65,23,9.22
123,Bereda,ES,2021-06-01 22:22:30,43.2686,-7.5406,55.92,96,22,1.92
124,Uarini,BR,2021-06-01 22:22:30,-2.99,-65.1083,78.75,78,67,2.28
125,Hithadhoo,MV,2021-06-01 22:21:52,-0.6,73.0833,83.61,66,100,15.97
126,Sabinas Hidalgo,MX,2021-06-01 22:22:31,26.5,-100.1667,88.41,50,63,9.31
127,Longyearbyen,SJ,2021-06-01 22:22:31,78.2186,15.6401,35.44,93,75,5.75
128,Georgetown,MY,2021-06-01 22:18:45,5.4112,100.3354,80.89,89,20,3.44
129,San Rafael Del Sur,NI,2021-06-01 22:21:17,11.8485,-86.4384,94.84,36,67,16.26
130,Bethel,US,2021-06-01 22:22:32,41.3712,-73.414,76.41,49,1,1.01
131,Espera Feliz,BR,2021-06-01 22:22:32,-20.6503,-41.9072,63.23,94,80,1.92
132,Alofi,NU,2021-06-01 22:22:33,-19.0595,-169.9187,71.49,94,90,14.97
133,Karpushikha,RU,2021-06-01 22:22:33,57.5017,59.8956,50.16,55,100,6.2
134,Yendi,GH,2021-06-01 22:22:33,9.4427,-0.0099,78.8,75,26,5.53
135,Yerbogachen,RU,2021-06-01 22:22:34,61.2767,108.0108,59.13,58,26,3.31
136,Ishinomaki,JP,2021-06-01 22:22:34,38.4167,141.3,64.4,86,100,5.64
137,Yellowknife,CA,2021-06-01 22:22:34,62.456,-114.3525,55.33,100,75,2.3
138,Lebu,CL,2021-06-01 22:22:35,-37.6167,-73.65,56.28,95,100,4.34
139,Hambantota,LK,2021-06-01 22:22:35,6.1241,81.1185,79.18,85,73,15.03
140,Atuona,PF,2021-06-01 22:17:45,-9.8,-139.0333,79.97,73,12,14.29
141,Qixingtai,CN,2021-06-01 22:22:36,30.4135,111.8874,76.95,78,75,3.22
142,Padang,ID,2021-06-01 22:22:36,-0.9492,100.3543,77.54,85,89,3.6
143,Kloulklubed,PW,2021-06-01 22:22:36,7.0419,134.2556,79.3,76,57,10.92
144,Fougamou,GA,2021-06-01 22:22:37,-1.2154,10.5838,73.85,97,100,1.95
145,Gizo,SB,2021-06-01 22:22:37,-8.103,156.8419,82.6,78,90,4.85
146,Clarence Town,AU,2021-06-01 22:22:37,-32.5833,151.7833,51.94,68,94,2.75
147,Taoudenni,ML,2021-06-01 22:22:38,22.6783,-3.9836,101.64,12,6,14.7
148,Neiafu,TO,2021-06-01 22:22:38,-18.65,-173.9833,72.28,94,75,10.36
149,Usinsk,RU,2021-06-01 22:18:08,65.9939,57.5281,32.58,87,100,23.85
150,Shimoda,JP,2021-06-01 22:22:39,34.6667,138.95,69.12,82,100,3.15
151,Yeppoon,AU,2021-06-01 22:22:39,-23.1333,150.7333,62.38,84,31,8.7
152,Ostrovnoy,RU,2021-06-01 22:22:39,68.0531,39.5131,43.81,92,100,16.98
153,Henties Bay,NA,2021-06-01 22:22:40,-22.116,14.2845,59.68,71,6,2.64
154,Port Blair,IN,2021-06-01 22:22:40,11.6667,92.75,82.13,79,2,1.7
155,College,US,2021-06-01 22:19:59,64.8569,-147.8028,64.99,60,90,5.75
156,Berlevag,NO,2021-06-01 22:22:40,70.8578,29.0864,43.5,94,100,17.43
157,Bukachacha,RU,2021-06-01 22:22:41,52.9833,116.9167,51.22,94,100,4.52
158,Cardston,CA,2021-06-01 22:22:41,49.2,-113.3019,82.26,25,69,4.61
159,Carnarvon,AU,2021-06-01 22:22:41,-24.8667,113.6333,53.67,87,81,11.5
160,Tuatapere,NZ,2021-06-01 22:22:42,-46.1333,167.6833,49.82,87,92,3.78
161,Emerald,AU,2021-06-01 22:22:42,-23.5333,148.1667,62.74,88,75,0.0
162,Pevek,RU,2021-06-01 22:22:42,69.7008,170.3133,37.53,70,37,2.28
163,Kismayo,SO,2021-06-01 22:22:43,-0.3582,42.5454,77.38,81,90,14.74
164,Anderson,US,2021-06-01 22:22:43,34.5334,-82.6499,81.25,50,20,1.01
165,Saldanha,ZA,2021-06-01 22:22:44,-33.0117,17.9442,51.85,86,1,9.55
166,Avarua,CK,2021-06-01 22:22:44,-21.2078,-159.775,80.65,61,75,6.91
167,Dawlatabad,AF,2021-06-01 22:22:44,36.4141,64.9053,83.39,17,0,0.87
168,Luis Gil Perez,MX,2021-06-01 22:22:45,17.8667,-93.05,93.16,28,5,13.11
169,Tefe,BR,2021-06-01 22:22:45,-3.3542,-64.7114,78.91,94,40,3.44
170,Kupang,ID,2021-06-01 22:22:45,-10.1667,123.5833,77.58,83,40,8.05
171,Vangaindrano,MG,2021-06-01 22:22:46,-23.35,47.6,69.78,94,100,4.94
172,Souillac,MU,2021-06-01 22:22:46,-20.5167,57.5167,74.35,94,75,12.82
173,Killybegs,IE,2021-06-01 22:22:46,54.6333,-8.45,51.1,88,97,10.09
174,Prieska,ZA,2021-06-01 22:22:47,-29.6641,22.7474,46.47,60,0,8.01
175,Turayf,SA,2021-06-01 22:22:47,31.6725,38.6637,77.25,36,0,13.8
176,Geraldton,AU,2021-06-01 22:22:47,-28.7667,114.6,50.41,87,0,8.28
177,Vao,NC,2021-06-01 22:22:48,-22.6667,167.4833,69.12,57,100,11.25
178,Hobyo,SO,2021-06-01 22:22:48,5.3505,48.5268,78.85,77,99,19.37
179,Rafaela,AR,2021-06-01 22:22:48,-31.2503,-61.4867,64.06,50,99,1.97
180,Beringovskiy,RU,2021-06-01 22:22:49,63.05,179.3167,32.0,81,100,12.75
181,Jardim,BR,2021-06-01 22:22:49,-21.4803,-56.1381,73.27,63,1,2.75
182,Broome,US,2021-06-01 22:22:49,42.2506,-75.833,73.98,47,1,3.18
183,Broken Hill,AU,2021-06-01 22:22:50,-31.95,141.4333,51.51,93,90,4.61
184,Callosa De Segura,ES,2021-06-01 22:22:50,38.125,-0.8782,69.03,85,5,1.01
185,Fort Nelson,CA,2021-06-01 22:22:50,58.8053,-122.7002,83.79,21,75,12.66
186,Russell,US,2021-06-01 22:22:51,32.3502,-85.1999,86.95,44,75,5.01
187,Iqaluit,CA,2021-06-01 22:22:51,63.7506,-68.5145,31.73,100,90,5.01
188,Tabou,CI,2021-06-01 22:22:51,4.423,-7.3528,78.8,83,99,6.71
189,Tirumullaivasal,IN,2021-06-01 22:22:52,11.2333,79.8333,83.98,72,38,13.49
190,Fraga,ES,2021-06-01 22:22:52,41.5229,0.3489,62.08,82,93,3.71
191,Vredendal,ZA,2021-06-01 22:22:52,-31.6683,18.5012,55.08,72,0,5.23
192,Albox,ES,2021-06-01 22:22:53,37.3886,-2.1495,69.19,82,16,1.95
193,Severo-Kurilsk,RU,2021-06-01 22:22:53,50.6789,156.125,40.86,87,99,6.6
194,San Cristobal,VE,2021-06-01 22:22:53,7.7669,-72.225,77.18,99,100,2.53
195,Mogadishu,SO,2021-06-01 22:18:38,2.0371,45.3438,78.24,84,59,14.25
196,Klaksvik,FO,2021-06-01 22:22:54,62.2266,-6.589,47.32,86,100,14.18
197,Port Pirie,AU,2021-06-01 22:22:54,-33.1833,138.0167,50.09,75,0,6.2
198,Hasaki,JP,2021-06-01 22:22:55,35.7333,140.8333,66.6,73,100,9.17
199,Bud,US,2021-06-01 22:22:55,39.447,-86.1758,75.34,89,100,7.56
200,Leshan,CN,2021-06-01 22:22:55,29.5623,103.7639,70.61,90,100,1.19
201,Nushki,PK,2021-06-01 22:22:56,29.5542,66.0215,81.0,7,0,2.89
202,Saint-Augustin,CA,2021-06-01 22:22:56,51.226,-58.6502,57.07,66,75,8.99
203,Sandovo,RU,2021-06-01 22:20:07,58.4602,36.4128,45.05,70,18,3.6
204,Port Moresby,PG,2021-06-01 22:22:57,-9.4431,147.1797,78.22,73,40,11.5
205,Matara,LK,2021-06-01 22:22:57,5.9485,80.5353,79.12,86,51,11.1
206,Arraial Do Cabo,BR,2021-06-01 22:22:57,-22.9661,-42.0278,72.88,78,8,7.45
207,Harper,LR,2021-06-01 22:22:58,4.375,-7.7169,78.96,82,81,6.73
208,Canguaretama,BR,2021-06-01 22:22:58,-6.38,-35.1289,79.29,81,12,7.56
209,Dikson,RU,2021-06-01 22:22:58,73.5069,80.5464,32.63,98,99,8.57
210,Petropavlovskoye,RU,2021-06-01 22:21:17,52.0712,84.107,61.07,74,22,4.14
211,Kysyl-Syr,RU,2021-06-01 22:22:59,63.8986,122.7617,58.26,51,100,3.09
212,Katsuura,JP,2021-06-01 22:22:59,35.1333,140.3,71.19,76,100,7.61
213,Victoria,HK,2021-06-01 22:22:46,22.2855,114.1577,81.95,92,100,3.0
214,Porto Nacional,BR,2021-06-01 22:23:00,-10.7081,-48.4172,82.4,43,44,0.98
215,Gravdal,NO,2021-06-01 22:23:00,68.1214,13.5031,52.12,71,0,7.81
216,Chapadinha,BR,2021-06-01 22:23:00,-3.7417,-43.3603,78.96,74,66,2.55
217,Egvekinot,RU,2021-06-01 22:23:01,66.3167,-179.1667,31.8,62,55,4.05
218,Turukhansk,RU,2021-06-01 22:21:15,65.8167,87.9833,34.07,85,4,5.21
219,Chebsara,RU,2021-06-01 22:23:01,59.2002,38.8356,48.9,71,94,5.3
220,Kabin Buri,TH,2021-06-01 22:23:02,13.9511,101.7177,79.14,82,13,2.08
221,Egtved,DK,2021-06-01 22:23:02,55.618,9.301,55.2,92,40,6.29
222,Savannah Bight,HN,2021-06-01 22:23:02,16.45,-85.85,87.85,78,12,21.32
223,Sarkand,KZ,2021-06-01 22:23:03,45.41,79.9186,67.19,38,0,7.7
224,Nishihara,JP,2021-06-01 22:23:03,26.1842,127.7558,78.85,91,75,10.98
225,Mersing,MY,2021-06-01 22:23:03,2.4312,103.8405,75.11,100,26,6.91
226,Ayabaca,PE,2021-06-01 22:23:04,-4.6398,-79.7149,55.15,83,90,5.44
227,Mayor Pablo Lagerenza,PY,2021-06-01 22:23:04,-19.9309,-60.7718,78.69,50,24,5.19
228,Homer,US,2021-06-01 22:23:04,59.6425,-151.5483,55.08,62,90,11.5
229,Lompoc,US,2021-06-01 22:23:05,34.6391,-120.4579,87.13,74,75,5.99
230,Deogarh,IN,2021-06-01 22:23:05,21.5333,84.7333,82.67,70,98,2.73
231,Deulgaon Raja,IN,2021-06-01 22:23:05,20.0167,76.0333,80.65,63,100,6.78
232,Srednekolymsk,RU,2021-06-01 22:23:06,67.45,153.6833,64.2,26,98,11.56
233,Nome,US,2021-06-01 22:18:57,64.5011,-165.4064,53.67,28,1,18.41
234,Goderich,CA,2021-06-01 22:23:06,43.7501,-81.7165,69.91,45,4,6.91
235,Plettenberg Bay,ZA,2021-06-01 22:23:07,-34.0527,23.3716,57.07,76,45,6.91
236,Bireun,ID,2021-06-01 22:23:07,5.203,96.7009,78.31,86,100,3.42
237,Otautau,NZ,2021-06-01 22:23:08,-46.15,168.0,49.44,89,95,2.55
238,Gat,IL,2021-06-01 22:22:01,31.61,34.7642,72.28,100,0,2.21
239,Aksha,RU,2021-06-01 22:23:08,50.2814,113.2867,42.17,81,93,4.45
240,Asekeyevo,RU,2021-06-01 22:23:08,53.5742,52.7972,59.32,97,97,9.8
241,Trairi,BR,2021-06-01 22:20:17,-3.2778,-39.2689,78.15,80,9,7.92
242,Sao Felix Do Xingu,BR,2021-06-01 22:23:09,-6.6447,-51.995,76.15,65,5,2.55
243,Teguise,ES,2021-06-01 22:23:09,29.0605,-13.564,62.82,72,20,12.66
244,Houma,US,2021-06-01 22:23:10,29.5958,-90.7195,86.0,72,40,11.5
245,Bamut,RU,2021-06-01 22:23:10,43.1599,45.1973,64.35,82,23,5.03
246,Raymond,US,2021-06-01 22:23:10,43.9015,-70.4703,74.66,46,68,8.81
247,Oyama,JP,2021-06-01 22:23:11,36.3,139.8,72.82,69,100,3.58
248,Nadym,RU,2021-06-01 22:23:11,65.5333,72.5167,35.29,70,51,13.67
249,Cabedelo,BR,2021-06-01 22:23:11,-6.9811,-34.8339,75.87,77,6,9.19
250,Najran,SA,2021-06-01 22:23:12,17.4924,44.1277,81.25,17,7,2.57
251,Lipin Bor,RU,2021-06-01 22:23:12,60.2622,37.9763,46.26,93,78,5.93
252,Bualan,PH,2021-06-01 22:23:12,7.75,124.2667,67.51,97,100,3.36
253,Lingao,CN,2021-06-01 22:23:13,19.9103,109.6859,83.1,73,98,6.78
254,Vanino,RU,2021-06-01 22:23:13,49.0869,140.2543,52.93,71,88,3.04
255,Deputatskiy,RU,2021-06-01 22:23:13,69.3,139.9,60.08,33,79,2.24
256,Thompson,CA,2021-06-01 22:23:14,55.7435,-97.8558,66.36,42,40,8.05
257,Danshui,CN,2021-06-01 22:23:14,22.7984,114.4672,81.64,94,98,2.53
258,Synya,RU,2021-06-01 22:23:14,65.3718,58.0387,34.7,69,100,11.01
259,Lexington,US,2021-06-01 22:21:56,37.9887,-84.4777,76.89,55,40,3.67
260,Champerico,GT,2021-06-01 22:23:15,14.3,-91.9167,85.35,67,37,9.13
261,Praya,CV,2021-06-01 22:18:34,14.9215,-23.5087,73.94,78,75,11.5
262,Pringsewu,ID,2021-06-01 22:23:15,-5.3582,104.9744,73.9,98,47,3.27
263,Husavik,IS,2021-06-01 22:23:16,66.0449,-17.3389,48.11,67,97,8.86
264,Olga,RU,2021-06-01 22:23:16,43.7444,135.2892,54.25,92,45,4.0
265,Ust-Tsilma,RU,2021-06-01 22:19:13,65.441,52.1498,34.79,71,72,9.64
266,Liku,ID,2021-06-01 22:23:16,-0.7275,119.8922,74.93,93,100,2.73
267,Leningradskiy,RU,2021-06-01 22:23:17,69.3833,178.4167,30.74,83,53,14.83
268,Pisco,PE,2021-06-01 22:23:17,-13.7,-76.2167,66.25,77,0,17.27
269,Reyes,BO,2021-06-01 22:23:17,-14.3167,-67.3833,73.56,88,75,0.0
270,Berbera,SO,2021-06-01 22:23:18,10.4396,45.0143,88.54,63,12,5.35
271,Talnakh,RU,2021-06-01 22:23:18,69.4865,88.3972,29.82,94,74,8.39
272,Puerto Madryn,AR,2021-06-01 22:23:18,-42.7692,-65.0385,48.79,60,3,16.87
273,Yulara,AU,2021-06-01 22:23:19,-25.2406,130.9889,44.44,93,0,5.75
274,Tucuman,AR,2021-06-01 22:20:14,-26.8241,-65.2226,68.0,60,4,4.88
275,Vaxjo,SE,2021-06-01 22:23:19,56.8777,14.8091,51.85,82,40,11.5
276,High Level,CA,2021-06-01 22:23:20,58.5169,-117.136,82.51,26,40,9.98
277,Springbok,ZA,2021-06-01 22:23:20,-29.6643,17.8865,47.14,49,0,7.05
278,Filingue,NE,2021-06-01 22:23:20,14.3521,3.3168,94.48,12,1,6.89
279,Sao Joao Da Barra,BR,2021-06-01 22:23:21,-21.6403,-41.0511,71.37,84,100,10.22
280,Chuy,UY,2021-06-01 22:23:21,-33.6971,-53.4616,58.98,69,93,6.38
281,Acapulco,MX,2021-06-01 22:18:56,16.8634,-99.8901,89.42,66,20,9.86
282,Richards Bay,ZA,2021-06-01 22:23:21,-28.783,32.0377,62.4,79,99,16.04
283,Utete,TZ,2021-06-01 22:23:22,-7.986,38.758,68.36,94,30,2.3
284,Shiyan,CN,2021-06-01 22:23:22,32.6475,110.7781,70.16,86,77,3.65
285,Tisovec,SK,2021-06-01 22:23:23,48.6774,19.9436,44.47,74,59,4.7
286,Coquimbo,CL,2021-06-01 22:23:23,-29.9533,-71.3436,58.73,88,0,5.61
287,Gagnoa,CI,2021-06-01 22:23:23,6.1293,-5.9437,74.55,90,57,4.45
288,Kirakira,SB,2021-06-01 22:23:24,-10.4544,161.9205,81.25,84,94,10.36
289,Nemuro,JP,2021-06-01 22:23:24,43.3236,145.575,47.52,86,88,7.34
290,Khani,GE,2021-06-01 22:23:24,41.9563,42.9566,56.77,97,91,1.59
291,East London,ZA,2021-06-01 22:23:25,-33.0153,27.9116,59.74,92,92,8.05
292,Esperance,AU,2021-06-01 22:23:25,-33.8667,121.9,55.24,73,72,10.22
293,Cidreira,BR,2021-06-01 22:23:25,-30.1811,-50.2056,59.58,71,33,8.84
294,Birao,CF,2021-06-01 22:23:26,10.2849,22.7882,75.56,74,100,9.75
295,Ballina,AU,2021-06-01 22:23:26,-28.8667,153.5667,55.94,98,100,0.0
296,Hrubieszow,PL,2021-06-01 22:23:27,50.805,23.8925,50.97,72,98,5.59
297,Newport,GB,2021-06-01 22:20:35,51.5877,-2.9984,63.82,70,68,9.64
298,Nampula,MZ,2021-06-01 22:23:27,-15.1165,39.2666,62.53,97,55,1.97
299,Martapura,ID,2021-06-01 22:23:27,-3.4167,114.85,75.29,100,100,2.08
300,Abu Kamal,SY,2021-06-01 22:23:28,34.4506,40.9171,83.44,20,0,12.08
301,Westport,US,2021-06-01 22:23:28,41.1415,-73.3579,77.67,52,1,1.01
302,Sao Sebastiao Do Passe,BR,2021-06-01 22:23:28,-12.5125,-38.4953,74.75,96,29,2.91
303,Prado,BR,2021-06-01 22:23:29,-17.3411,-39.2208,74.03,83,83,6.44
304,Dingle,PH,2021-06-01 22:23:29,10.9995,122.6711,75.29,96,100,20.36
305,Solhan,TR,2021-06-01 22:23:29,38.9634,41.0293,54.61,55,0,4.38
306,Imuris,MX,2021-06-01 22:23:30,30.7833,-110.8667,94.32,9,48,12.19
307,Hirado,JP,2021-06-01 22:23:30,33.3597,129.5531,70.95,77,100,8.16
308,Mildura,AU,2021-06-01 22:23:30,-34.2,142.15,49.96,76,90,1.14
309,Viedma,AR,2021-06-01 22:23:31,-40.8135,-62.9967,52.54,60,2,15.14
310,Lavrentiya,RU,2021-06-01 22:23:31,65.5833,-171.0,33.53,70,45,20.85
311,Luderitz,NA,2021-06-01 22:23:31,-26.6481,15.1594,63.59,37,0,11.61
312,Oktyabrskiy,RU,2021-06-01 22:23:32,54.4815,53.471,51.46,92,51,6.24
313,Torbay,CA,2021-06-01 22:23:32,47.6666,-52.7314,53.58,89,90,26.46
314,Makakilo City,US,2021-06-01 22:23:32,21.3469,-158.0858,86.32,52,90,11.5
315,Siverek,TR,2021-06-01 22:23:33,37.755,39.3167,65.01,45,0,5.77
316,Nchelenge,ZM,2021-06-01 22:23:33,-9.3451,28.734,66.38,64,39,5.64
317,Aksu,CN,2021-06-01 22:23:34,41.1231,80.2644,73.44,33,63,3.18
318,Lagos,NG,2021-06-01 22:23:34,6.5833,3.75,75.52,91,100,3.8
319,Sambava,MG,2021-06-01 22:23:34,-14.2667,50.1667,70.11,87,20,9.64
320,Hofn,IS,2021-06-01 22:23:35,64.2539,-15.2082,45.59,83,6,26.57
321,Silute,LT,2021-06-01 22:22:29,55.3489,21.4831,50.14,94,13,8.72
322,Hervey Bay,AU,2021-06-01 22:23:35,-25.2986,152.8535,63.01,89,61,5.99
323,Namanga,KE,2021-06-01 22:23:36,-2.5433,36.7905,60.76,89,99,4.76
324,Kindu,CD,2021-06-01 22:23:36,-2.95,25.95,71.56,87,48,1.59
325,Pachino,IT,2021-06-01 22:23:36,36.7186,15.0907,69.84,87,98,2.68
326,General Pico,AR,2021-06-01 22:21:13,-35.6566,-63.7568,56.97,95,100,8.75
327,Bilibino,RU,2021-06-01 22:23:37,68.0546,166.4372,61.86,35,4,1.39
328,Mar Del Plata,AR,2021-06-01 22:20:47,-38.0023,-57.5575,60.82,51,0,1.99
329,Ihosy,MG,2021-06-01 22:23:37,-22.4,46.1167,63.72,92,100,9.19
330,Saint-Georges,GD,2021-06-01 22:23:38,12.0564,-61.7485,82.08,69,20,17.27
331,Solnechnyy,RU,2021-06-01 22:23:38,50.7214,136.6319,57.94,68,100,8.25
332,Mezen,RU,2021-06-01 22:23:38,65.8522,44.24,35.24,71,32,5.35
333,Anadyr,RU,2021-06-01 22:23:39,64.75,177.4833,39.7,60,0,5.99
334,Saint-Denis,FR,2021-06-01 22:23:39,48.9167,2.3333,73.18,58,0,6.91
335,Aracati,BR,2021-06-01 22:23:39,-4.5617,-37.7697,80.11,73,16,9.19
336,Marsh Harbour,BS,2021-06-01 22:23:40,26.5412,-77.0636,78.82,77,99,13.98
337,Tabuk,PH,2021-06-01 22:23:40,17.4189,121.4443,76.77,86,100,3.11
338,Villablino,ES,2021-06-01 22:23:40,42.9393,-6.3194,55.18,97,28,0.98
339,Whitehorse,CA,2021-06-01 22:23:41,60.7161,-135.0538,68.02,29,75,24.0
340,Luena,AO,2021-06-01 22:23:41,-11.7833,19.9167,55.99,48,78,3.06
341,Los Llanos De Aridane,ES,2021-06-01 22:23:42,28.6585,-17.9182,65.95,86,90,7.18
342,Chern,RU,2021-06-01 22:23:42,53.4523,36.9145,43.02,84,72,9.46
343,Andenes,NO,2021-06-01 22:23:42,69.3143,16.1194,56.46,87,10,3.44
344,Cabo San Lucas,MX,2021-06-01 22:23:43,22.8909,-109.9124,96.8,23,20,11.5
345,Catuday,PH,2021-06-01 22:23:43,16.2923,119.8062,81.52,82,94,8.14
346,Koutiala,ML,2021-06-01 22:23:43,12.3917,-5.4642,90.14,38,87,14.76
347,La Macarena,CO,2021-06-01 22:23:44,2.1837,-73.7849,78.28,92,39,0.49
348,Ratnagiri,IN,2021-06-01 22:23:44,16.9833,73.3,81.95,82,100,4.16
349,Acajutla,SV,2021-06-01 22:23:44,13.5928,-89.8275,89.8,69,87,5.57
350,Svetlaya,RU,2021-06-01 22:23:45,46.5389,138.3297,53.6,84,100,6.49
351,Santa Isabel Do Rio Negro,BR,2021-06-01 22:23:45,-0.4139,-65.0192,77.34,94,67,1.12
352,Llodio,ES,2021-06-01 22:23:45,43.1432,-2.962,63.28,71,90,0.18
353,Maceio,BR,2021-06-01 22:21:59,-9.6658,-35.7353,76.44,83,0,6.46
354,Laguna,US,2021-06-01 22:23:46,38.421,-121.4238,106.21,24,1,5.99
355,Ikongo,MG,2021-06-01 22:23:46,-21.8833,47.4333,65.97,100,100,0.85
356,Sisimiut,GL,2021-06-01 22:23:47,66.9395,-53.6735,41.4,65,26,4.94
357,Umm Lajj,SA,2021-06-01 22:23:47,25.0213,37.2685,88.27,48,40,8.75
358,Janauba,BR,2021-06-01 22:23:47,-15.8025,-43.3089,78.21,35,61,4.43
359,Tromso,NO,2021-06-01 22:23:48,69.6496,18.957,53.62,58,0,5.75
360,Pitimbu,BR,2021-06-01 22:23:48,-7.4706,-34.8086,75.79,74,6,7.63
361,Kyren,RU,2021-06-01 22:23:48,51.6828,102.1408,45.21,91,99,3.18
362,Iskateley,RU,2021-06-01 22:23:49,67.6803,53.1512,33.89,77,100,21.81
363,Mount Isa,AU,2021-06-01 22:23:49,-20.7333,139.5,64.17,68,2,0.0
364,Balikpapan,ID,2021-06-01 22:23:49,-1.2675,116.8289,81.59,89,40,9.22
365,Almaznyy,RU,2021-06-01 22:23:50,48.0448,40.045,62.74,97,100,12.08
366,Mozarlandia,BR,2021-06-01 22:23:50,-14.7447,-50.5706,80.4,31,52,2.26
367,Palmer,US,2021-06-01 22:23:50,42.1584,-72.3287,76.89,38,75,3.0
368,Arona,ES,2021-06-01 22:20:45,28.0996,-16.681,62.91,76,20,4.0
369,San Jose,US,2021-06-01 22:19:53,37.3394,-121.895,100.26,47,20,12.66
370,Aswan,EG,2021-06-01 22:23:51,24.0934,32.907,93.49,15,1,11.43
371,Kalmunai,LK,2021-06-01 22:23:51,7.4167,81.8167,79.88,80,14,2.53
372,Jumla,NP,2021-06-01 22:23:52,29.2747,82.1838,52.84,84,55,2.53
373,Kahului,US,2021-06-01 22:23:52,20.8947,-156.47,87.82,65,20,24.16
374,Denpasar,ID,2021-06-01 22:20:22,-8.65,115.2167,74.86,94,20,5.08
375,Lakes Entrance,AU,2021-06-01 22:23:52,-37.8811,147.981,44.19,61,99,4.97
376,Sagaing,MM,2021-06-01 22:23:53,21.8787,95.9797,86.14,58,96,12.19
377,Namalenga,TZ,2021-06-01 22:23:53,-10.95,39.1,67.08,97,55,1.48
378,Haines Junction,CA,2021-06-01 22:23:53,60.7522,-137.5108,64.35,19,24,11.5
379,Santa Cruz,BO,2021-06-01 22:23:54,-17.8,-63.1667,75.25,73,69,9.22
380,Pochutla,MX,2021-06-01 22:23:54,15.7432,-96.4661,86.85,53,86,8.93
381,Sierra Vista,US,2021-06-01 22:23:30,31.5545,-110.3037,91.69,9,90,6.91
382,Cravo Norte,CO,2021-06-01 22:23:55,6.3017,-70.2041,74.17,95,100,2.64
383,Havelock,US,2021-06-01 22:23:55,34.8791,-76.9013,77.23,68,75,1.99
384,The Valley,AI,2021-06-01 22:23:56,18.217,-63.0578,82.54,69,75,13.8
385,Kuusamo,FI,2021-06-01 22:23:56,65.9667,29.1833,42.84,93,0,2.3
386,Bailieborough,IE,2021-06-01 22:23:56,53.9167,-6.9667,50.94,95,45,5.21
387,Finnsnes,NO,2021-06-01 22:23:57,69.2296,17.9811,53.56,66,9,3.78
388,Cockburn Town,TC,2021-06-01 22:23:57,21.4612,-71.1419,79.79,80,68,20.69
389,Uinskoye,RU,2021-06-01 22:23:57,56.8817,56.5813,46.94,58,66,6.49
390,Chara,RU,2021-06-01 22:23:58,56.9064,118.2631,56.8,57,100,2.37
391,Lensk,RU,2021-06-01 22:23:58,60.7253,114.9278,62.64,52,89,0.96
392,Chifeng,CN,2021-06-01 22:23:58,42.2683,118.9636,57.13,72,11,5.93
393,Raga,SS,2021-06-01 22:23:59,8.4596,25.678,73.08,83,100,8.03
394,Caidian,CN,2021-06-01 22:23:59,30.5833,114.0333,80.73,71,97,3.62
395,Letka,RU,2021-06-01 22:23:59,59.6011,49.4232,42.48,97,66,5.32
396,Karratha,AU,2021-06-01 22:24:00,-20.7377,116.8463,67.8,34,96,18.48
397,Sioux Lookout,CA,2021-06-01 22:24:00,50.1001,-91.917,73.78,23,90,3.44
398,Aurad,IN,2021-06-01 22:24:00,18.25,77.4333,78.46,74,90,12.84
399,Kinshasa,CD,2021-06-01 22:20:34,-4.3246,15.3215,74.1,86,14,3.38
400,Darhan,MN,2021-06-01 22:24:01,49.4867,105.9228,43.45,91,100,5.84
401,Todos Santos,MX,2021-06-01 22:24:01,23.45,-110.2167,96.3,44,32,6.67
402,Clyde River,CA,2021-06-01 22:24:02,70.4692,-68.5914,26.83,86,90,6.91
403,Omboue,GA,2021-06-01 22:24:02,-1.5746,9.2618,77.02,83,100,7.0
404,Narsaq,GL,2021-06-01 22:24:02,60.9167,-46.05,50.22,73,89,4.88
405,Soyo,AO,2021-06-01 22:24:03,-6.1349,12.3689,77.34,81,46,6.91
406,Englewood,US,2021-06-01 22:24:03,39.6478,-104.9878,68.04,45,75,4.0
407,Tamandare,BR,2021-06-01 22:24:03,-8.7597,-35.1047,76.17,74,79,5.1
408,Saint Anthony,US,2021-06-01 22:24:04,45.0205,-93.218,79.54,31,1,1.99
409,Aklavik,CA,2021-06-01 22:24:04,68.2191,-135.0107,36.32,93,90,9.22
410,Curup,ID,2021-06-01 22:24:04,-3.4667,102.5333,67.48,98,85,1.21
411,Muros,ES,2021-06-01 22:24:05,42.7762,-9.0603,61.23,84,67,3.22
412,Njeru,UG,2021-06-01 22:24:05,0.4186,33.1731,67.57,81,99,5.61
413,Reftinskiy,RU,2021-06-01 22:24:05,57.0901,61.6769,41.4,65,99,2.44
414,Svetlogorsk,BY,2021-06-01 22:24:06,52.6333,29.7333,48.69,77,80,7.36
415,Alta Floresta,BR,2021-06-01 22:24:06,-9.8756,-56.0861,75.67,69,87,3.83
416,La Grande,US,2021-06-01 22:24:06,45.3246,-118.0877,89.56,26,72,3.58
417,Balkanabat,TM,2021-06-01 22:24:07,39.5108,54.3671,81.79,34,0,3.76
418,Koutselion,GR,2021-06-01 22:24:07,39.5889,20.9142,52.72,66,0,2.77
419,Port Lincoln,AU,2021-06-01 22:24:07,-34.7333,135.8667,58.15,76,94,1.79
420,Lakselv,NO,2021-06-01 22:24:08,70.0513,24.9718,48.02,71,29,4.61
421,Verkhoyansk,RU,2021-06-01 22:24:08,67.5447,133.385,63.52,44,26,3.83
422,Awjilah,LY,2021-06-01 22:24:08,29.1081,21.2869,78.08,38,0,10.54
423,Moerai,PF,2021-06-01 22:24:09,-22.4333,-151.3333,76.03,61,51,8.43
424,Honiara,SB,2021-06-01 22:24:09,-9.4333,159.95,82.04,83,84,5.93
425,Santa Ines,BR,2021-06-01 22:24:09,-3.6667,-45.38,77.52,79,9,0.56
426,Yinchuan,CN,2021-06-01 22:24:10,38.4681,106.2731,65.68,14,100,3.36
427,Alyangula,AU,2021-06-01 22:24:10,-13.8483,136.4192,73.27,100,63,8.1
428,Rawson,AR,2021-06-01 22:24:10,-43.3002,-65.1023,46.45,61,4,24.72
429,Lodwar,KE,2021-06-01 22:24:11,3.1191,35.5973,83.61,41,87,20.22
430,Nikolayevsk-Na-Amure,RU,2021-06-01 22:24:11,53.1406,140.73,66.9,48,13,3.22
431,Urengoy,RU,2021-06-01 22:24:11,65.9667,78.3667,46.72,61,81,16.96
432,Caravelas,BR,2021-06-01 22:24:12,-17.7125,-39.2481,73.47,85,37,5.44
433,Ketchikan,US,2021-06-01 22:24:12,55.3422,-131.6461,51.78,98,100,4.14
434,Maniitsoq,GL,2021-06-01 22:24:12,65.4167,-52.9,39.54,77,88,7.23
435,Montepuez,MZ,2021-06-01 22:24:13,-13.1256,38.9997,63.21,98,52,3.29
436,Nara,JP,2021-06-01 22:19:56,34.6851,135.8049,71.49,62,100,3.96
437,Katobu,ID,2021-06-01 22:24:13,-4.9408,122.5276,73.18,93,65,2.68
438,Buraydah,SA,2021-06-01 22:24:14,26.326,43.975,91.85,12,0,9.13
439,Yenagoa,NG,2021-06-01 22:24:14,4.9247,6.2642,75.51,96,100,3.98
440,Port Antonio,JM,2021-06-01 22:24:15,18.18,-76.4612,84.11,70,43,13.2
441,Qaqortoq,GL,2021-06-01 22:24:15,60.7167,-46.0333,50.5,81,76,7.74
442,Teacapan,MX,2021-06-01 22:24:15,22.55,-105.75,87.19,53,99,12.84
443,Yar-Sale,RU,2021-06-01 22:24:16,66.8333,70.8333,34.18,68,4,15.68
444,Wasco,US,2021-06-01 22:24:16,35.5941,-119.341,108.14,9,48,10.25
445,Weatherford,US,2021-06-01 22:24:16,32.7593,-97.7972,72.09,76,59,5.99
446,Ziarat,PK,2021-06-01 22:24:17,30.3823,67.7282,62.44,34,0,2.59
447,Ixtapa,MX,2021-06-01 22:24:17,20.7,-105.2,86.23,70,40,13.8
448,Lembeni,TZ,2021-06-01 22:24:17,-3.7833,37.6167,62.92,92,91,3.04
449,Paracuru,BR,2021-06-01 22:24:18,-3.41,-39.0306,82.11,79,7,9.66
450,Omis,HR,2021-06-01 22:24:18,43.4447,16.6886,62.53,61,0,7.92
451,Marzuq,YE,2021-06-01 22:24:18,14.4,46.4667,78.1,58,20,3.67
452,Rio Gallegos,AR,2021-06-01 22:24:19,-51.6226,-69.2181,24.85,100,0,5.75
453,Aykino,RU,2021-06-01 22:24:19,62.2248,49.9922,35.51,64,44,4.47
454,Thinadhoo,MV,2021-06-01 22:24:19,0.5333,72.9333,84.02,68,100,14.92
455,Paamiut,GL,2021-06-01 22:24:20,61.994,-49.6678,35.29,88,100,7.31
456,Uyovu,TZ,2021-06-01 22:24:20,-3.2833,31.5258,67.6,73,99,1.83
457,Nurota,UZ,2021-06-01 22:24:20,40.5614,65.6886,77.09,25,0,8.01
458,Tsabong,BW,2021-06-01 22:24:21,-26.0217,22.401,48.54,37,0,9.17
459,Churapcha,RU,2021-06-01 22:24:21,62.0025,132.4325,56.91,55,2,4.0
460,Saulkrasti,LV,2021-06-01 22:24:21,57.2622,24.4147,55.35,79,77,6.4
461,Kajaani,FI,2021-06-01 22:24:22,64.2273,27.7285,42.85,93,0,2.3
462,Tazovskiy,RU,2021-06-01 22:20:40,67.4667,78.7,42.6,65,100,17.56
463,Comodoro Rivadavia,AR,2021-06-01 22:21:31,-45.8667,-67.5,44.46,76,75,2.3
464,Akot,IN,2021-06-01 22:24:23,21.0964,77.0586,86.72,52,100,7.7
465,Vila Velha,BR,2021-06-01 22:22:10,-20.3297,-40.2925,75.15,82,40,1.01
466,Macusani,PE,2021-06-01 22:24:23,-14.0833,-70.4333,45.32,53,39,3.4
467,Suihua,CN,2021-06-01 22:24:23,46.6406,126.9969,55.65,64,70,9.08
468,Fomboni,KM,2021-06-01 22:24:24,-12.28,43.7425,79.68,71,8,6.11
469,Rani,IN,2021-06-01 22:24:24,25.3503,73.3089,87.35,51,0,10.36
470,Faya,SA,2021-06-01 22:24:24,18.3851,42.4509,72.12,17,2,10.02
471,Suba,PH,2021-06-01 22:24:25,10.8438,121.0102,79.18,88,100,26.17
472,Sovetskiy,RU,2021-06-01 22:24:25,61.3614,63.5842,42.78,54,61,7.11
473,Taicheng,CN,2021-06-01 22:24:25,38.731,113.228,57.7,80,28,3.96
474,Banda Aceh,ID,2021-06-01 22:24:26,5.5577,95.3222,80.02,81,99,7.49
475,Tapejara,BR,2021-06-01 22:24:27,-28.0681,-52.0139,51.8,68,15,2.8
476,Muroto,JP,2021-06-01 22:24:27,33.2833,134.15,66.24,86,100,11.27
477,Ayan,RU,2021-06-01 22:24:27,56.45,138.1667,37.06,96,100,13.96
478,Antofagasta,CL,2021-06-01 22:24:28,-23.65,-70.4,60.08,77,15,2.01
479,Manali,IN,2021-06-01 22:24:28,13.1667,80.2667,86.07,83,2,14.81
480,Constitucion,CL,2021-06-01 22:20:56,-35.3333,-72.4167,58.33,99,100,1.32
481,Trelleborg,SE,2021-06-01 22:24:28,55.3751,13.1569,54.95,81,97,7.7
482,Buin,CL,2021-06-01 22:24:29,-33.7333,-70.75,68.05,51,100,2.53
483,Beloha,MG,2021-06-01 22:24:29,-25.1667,45.05,67.44,83,100,18.07
484,Tomatlan,MX,2021-06-01 22:24:29,19.9333,-105.25,91.74,47,100,11.61
485,Biella,IT,2021-06-01 22:22:14,45.5871,8.0859,64.72,91,88,4.05
486,Morant Bay,JM,2021-06-01 22:24:30,17.8815,-76.4093,83.82,74,21,10.36
487,Chumikan,RU,2021-06-01 22:24:30,54.7183,135.315,36.18,95,95,7.96
488,Kuching,MY,2021-06-01 22:24:31,1.55,110.3333,75.42,94,20,0.0
489,Tessalit,ML,2021-06-01 22:24:31,20.1986,1.0114,93.96,8,43,3.91
490,Pauini,BR,2021-06-01 22:24:31,-7.7136,-66.9764,81.07,73,89,2.28
491,Ibra,OM,2021-06-01 22:24:32,22.6906,58.5334,85.17,29,0,2.62
492,Lefka,CY,2021-06-01 22:24:32,35.1106,32.8506,68.56,77,14,10.27
493,Boa Vista,BR,2021-06-01 22:22:07,2.8197,-60.6733,80.58,78,40,6.91
494,Moron,AR,2021-06-01 22:24:32,-34.6534,-58.6198,61.97,63,100,1.01
495,Merrill,US,2021-06-01 22:24:33,45.1805,-89.6835,76.77,38,1,4.61
496,Kenitra,MA,2021-06-01 22:24:33,34.261,-6.5802,65.84,77,7,2.75
497,Lata,PT,2021-06-01 22:24:33,40.1629,-8.3327,61.81,91,99,2.55
498,Opuwo,NA,2021-06-01 22:24:34,-18.0607,13.84,60.4,29,40,6.24
499,Lousa,PT,2021-06-01 22:24:34,40.1167,-8.2492,62.11,92,99,2.33
500,Grindavik,IS,2021-06-01 22:24:34,63.8424,-22.4338,46.35,81,75,18.41
501,Sabla,NG,2021-06-01 22:24:35,12.7525,4.7077,92.46,28,3,9.4
502,Bambanglipuro,ID,2021-06-01 22:24:35,-7.95,110.2833,57.6,93,39,3.36
503,Bedele,ET,2021-06-01 22:24:35,8.456,36.353,57.54,69,89,3.94
504,Petauke,ZM,2021-06-01 22:24:36,-14.2426,31.3253,61.9,74,62,3.98
505,Izhma,RU,2021-06-01 22:24:36,65.0083,53.9113,35.37,66,95,9.71
506,Znamenskoye,RU,2021-06-01 22:24:36,57.1281,73.8282,42.17,81,6,1.16
507,Axim,GH,2021-06-01 22:24:37,4.8699,-2.2405,80.29,81,100,6.98
508,Redmond,US,2021-06-01 22:22:01,47.674,-122.1215,90.09,45,5,3.0
509,Pietersburg,ZA,2021-06-01 22:24:37,-23.9045,29.4688,50.85,66,63,6.91
510,Coos Bay,US,2021-06-01 22:24:37,43.3665,-124.2179,98.85,73,20,11.5
511,Kavieng,PG,2021-06-01 22:24:38,-2.5744,150.7967,78.78,87,100,7.72
512,Sokolo,ML,2021-06-01 22:24:38,14.7328,-6.1219,99.86,17,10,4.18
513,Northam,GB,2021-06-01 22:24:38,51.0333,-4.2167,64.02,64,81,7.96
514,Ranong,TH,2021-06-01 22:24:39,9.9658,98.6348,80.13,87,85,4.12
515,San Jeronimo,PE,2021-06-01 22:24:39,-11.9472,-75.2829,61.38,54,65,3.91
516,Vestmannaeyjar,IS,2021-06-01 22:24:40,63.4427,-20.2734,45.28,82,100,15.14
517,Umm Bab,QA,2021-06-01 22:24:40,25.2142,50.8072,85.68,38,63,12.48
518,Urucara,BR,2021-06-01 22:24:40,-2.5364,-57.76,80.17,80,100,2.95
519,Marienburg,PL,2021-06-01 22:24:41,54.0359,19.0266,56.05,88,99,7.29
520,Koungou,YT,2021-06-01 22:24:41,-12.7336,45.2042,71.31,94,0,2.64
521,Saint George,US,2021-06-01 22:24:41,37.1041,-113.5841,101.62,9,1,5.99
522,Port Macquarie,AU,2021-06-01 22:24:42,-31.4333,152.9167,52.38,64,100,3.53
523,Tilichiki,RU,2021-06-01 22:24:42,60.4667,166.1,47.39,59,5,0.74
524,Moratuwa,LK,2021-06-01 22:24:42,6.773,79.8816,79.2,86,53,8.03
525,Vrangel,RU,2021-06-01 22:24:43,42.7297,133.0839,53.69,96,99,0.78
526,Sur,OM,2021-06-01 22:24:43,22.5667,59.5289,93.78,34,0,8.79
527,Pimentel,PE,2021-06-01 22:24:43,-6.8367,-79.9342,68.29,84,90,4.0
528,Bonavista,CA,2021-06-01 22:24:44,48.6499,-53.1147,51.8,87,81,20.87
529,Bibbiena,IT,2021-06-01 22:24:44,43.6965,11.8135,61.68,78,73,0.27
530,Porto Novo,BJ,2021-06-01 22:24:44,6.4965,2.6036,80.42,85,100,6.44
531,Kalabo,ZM,2021-06-01 22:24:45,-14.97,22.6814,58.26,38,61,5.66
532,Yumen,CN,2021-06-01 22:24:45,40.2833,97.2,54.07,9,32,13.96
533,Pishin,PK,2021-06-01 22:24:45,30.5803,66.9961,73.62,31,0,3.18
534,Basi,IN,2021-06-01 22:24:46,26.8333,76.0333,86.13,43,2,4.18
535,Lakefield,US,2021-06-01 22:24:46,43.6775,-95.1717,80.15,24,1,1.01
536,Port Hardy,CA,2021-06-01 22:24:46,50.6996,-127.4199,69.98,73,40,9.22
537,Ginir,ET,2021-06-01 22:24:47,7.1333,40.7,57.15,93,90,7.47
538,Tacuarembo,UY,2021-06-01 22:24:27,-31.7333,-55.9833,54.36,71,100,5.32
539,Oussouye,SN,2021-06-01 22:24:47,12.485,-16.5469,78.98,75,51,7.56
540,Karpogory,RU,2021-06-01 22:24:48,64.0019,44.4451,34.36,67,3,3.33
541,Saint-Pierre,RE,2021-06-01 22:24:48,-21.3393,55.4781,74.88,72,90,6.91
542,Velsk,RU,2021-06-01 22:24:48,61.0701,42.0983,41.14,85,38,4.25
543,Sakakah,SA,2021-06-01 22:24:49,29.9697,40.2064,87.37,14,72,4.23
544,Morgantown,US,2021-06-01 22:23:28,39.6295,-79.9559,74.62,62,20,4.61
545,Fairfield,US,2021-06-01 22:20:21,41.2668,-73.3162,76.57,52,1,4.21
546,Roshni-Chu,RU,2021-06-01 22:24:49,43.0895,45.4544,64.33,73,33,4.12
547,Tokur,RU,2021-06-01 22:24:50,53.1333,132.9,54.84,64,33,2.91
548,Wahiawa,US,2021-06-01 22:24:50,21.5028,-158.0236,84.52,53,40,8.05
549,Sinnamary,GF,2021-06-01 22:24:50,5.3833,-52.95,76.78,90,99,5.61
550,Margate,GB,2021-06-01 22:24:51,51.3813,1.3862,59.11,67,7,12.71
551,Jacmel,HT,2021-06-01 22:24:51,18.2342,-72.5347,87.64,76,100,4.76
552,Austin,US,2021-06-01 22:21:01,30.2672,-97.7431,85.21,67,75,3.44
553,Pau Brasil,BR,2021-06-01 22:24:52,-15.4642,-39.6511,70.2,88,54,4.5
554,Morondava,MG,2021-06-01 22:24:52,-20.2833,44.2833,69.76,85,100,6.82
555,Coahuayana,MX,2021-06-01 22:24:52,18.7333,-103.6833,90.88,56,98,7.74
556,Sable-Sur-Sarthe,FR,2021-06-01 22:24:53,47.8376,-0.3329,71.85,89,61,4.61
557,Basco,PH,2021-06-01 22:24:53,20.4487,121.9702,83.77,78,98,13.58
558,Dauphin,CA,2021-06-01 22:24:53,51.1494,-100.0502,77.14,29,1,13.8
559,Tres Arroyos,AR,2021-06-01 22:24:54,-38.3739,-60.2798,57.96,66,84,11.99
560,Shuyskoye,RU,2021-06-01 22:24:54,59.3736,41.0305,47.8,80,92,4.32
561,Zaraza,VE,2021-06-01 22:24:54,9.3503,-65.3245,85.68,53,71,8.01
562,Butiama,TZ,2021-06-01 22:24:55,-1.7667,33.9667,60.37,69,97,4.56
563,Grand Forks,US,2021-06-01 22:24:55,47.9417,-97.4337,76.68,47,90,9.22
564,Hasanpur,IN,2021-06-01 22:24:55,28.7167,78.2833,81.23,49,25,5.82
565,Atambua,ID,2021-06-01 22:24:56,-9.1061,124.8925,70.84,90,30,4.23
566,Palana,RU,2021-06-01 22:24:56,59.1167,159.9667,42.75,58,100,2.51
567,Dahanu,IN,2021-06-01 22:24:56,19.9667,72.7333,83.48,80,72,2.82
568,Kanniyakumari,IN,2021-06-01 22:24:57,8.0833,77.5667,80.35,80,7,17.96
569,Ishigaki,JP,2021-06-01 22:24:57,24.3448,124.1572,82.53,89,40,8.05
570,Oranjemund,NA,2021-06-01 22:24:57,-28.55,16.4333,56.03,73,0,11.48
571,Hope,US,2021-06-01 22:24:58,33.6671,-93.5916,78.85,66,100,6.85
572,Atar,MR,2021-06-01 22:24:58,20.5169,-13.0499,91.78,30,98,5.86
573,Lillooet,CA,2021-06-01 22:24:58,50.6856,-121.942,90.36,26,0,1.7
574,Muzhi,RU,2021-06-01 22:24:59,65.3667,64.6667,34.99,67,62,15.97
575,Ngunguru,NZ,2021-06-01 22:24:59,-35.6167,174.5,57.16,81,70,6.02
576,Palora,EC,2021-06-01 22:24:59,-1.7,-77.9333,78.78,89,66,1.28
